CODIGO;SETOR ECONÔMICO;SUBSETOR;SEGMENTO;
RRRP;Petróleo, Gás e Biocombustíveis;Petróleo, Gás e Biocombustíveis;Exploração, Refino e Distribuição;
CSAN;Petróleo, Gás e Biocombustíveis;Petróleo, Gás e Biocombustíveis;Exploração, Refino e Distribuição;
DMMO;Petróleo, Gás e Biocombustíveis;Petróleo, Gás e Biocombustíveis;Exploração, Refino e Distribuição;
ENAT;Petróleo, Gás e Biocombustíveis;Petróleo, Gás e Biocombustíveis;Exploração, Refino e Distribuição;
RPMG;Petróleo, Gás e Biocombustíveis;Petróleo, Gás e Biocombustíveis;Exploração, Refino e Distribuição;
PETR;Petróleo, Gás e Biocombustíveis;Petróleo, Gás e Biocombustíveis;Exploração, Refino e Distribuição;
BRDT;Petróleo, Gás e Biocombustíveis;Petróleo, Gás e Biocombustíveis;Exploração, Refino e Distribuição;
RECV;Petróleo, Gás e Biocombustíveis;Petróleo, Gás e Biocombustíveis;Exploração, Refino e Distribuição;
PRIO;Petróleo, Gás e Biocombustíveis;Petróleo, Gás e Biocombustíveis;Exploração, Refino e Distribuição;
UGPA;Petróleo, Gás e Biocombustíveis;Petróleo, Gás e Biocombustíveis;Exploração, Refino e Distribuição;
LUPA;Petróleo, Gás e Biocombustíveis;Petróleo, Gás e Biocombustíveis;Equipamentos e Serviços;
OPCT;Petróleo, Gás e Biocombustíveis;Petróleo, Gás e Biocombustíveis;Equipamentos e Serviços;
OSXB;Petróleo, Gás e Biocombustíveis;Petróleo, Gás e Biocombustíveis;Equipamentos e Serviços;
BRAP;Materiais Básicos;Mineração;Minerais Metálicos;
CMIN;Materiais Básicos;Mineração;Minerais Metálicos;
LTEL;Materiais Básicos;Mineração;Minerais Metálicos;
LTLA;Materiais Básicos;Mineração;Minerais Metálicos;
MMXM;Materiais Básicos;Mineração;Minerais Metálicos;
VALE;Materiais Básicos;Mineração;Minerais Metálicos;
FESA;Materiais Básicos;Siderurgia e Metalurgia;Siderurgia;
GGBR;Materiais Básicos;Siderurgia e Metalurgia;Siderurgia;
GOAU;Materiais Básicos;Siderurgia e Metalurgia;Siderurgia;
CSNA;Materiais Básicos;Siderurgia e Metalurgia;Siderurgia;
USIM;Materiais Básicos;Siderurgia e Metalurgia;Siderurgia;
MGEL;Materiais Básicos;Siderurgia e Metalurgia;Artefatos de Ferro e Aço;
PATI;Materiais Básicos;Siderurgia e Metalurgia;Artefatos de Ferro e Aço;
TKNO;Materiais Básicos;Siderurgia e Metalurgia;Artefatos de Ferro e Aço;
PMAM;Materiais Básicos;Siderurgia e Metalurgia;Artefatos de Cobre;
BRKM;Materiais Básicos;Químicos;Petroquímicos;
GPCP;Materiais Básicos;Químicos;Petroquímicos;
FHER;Materiais Básicos;Químicos;Fertilizantes e Defensivos;
NUTR;Materiais Básicos;Químicos;Fertilizantes e Defensivos;
CRPG;Materiais Básicos;Químicos;Químicos Diversos;
UNIP;Materiais Básicos;Químicos;Químicos Diversos;
DTEX;Materiais Básicos;Madeira e Papel;Madeira;
EUCA;Materiais Básicos;Madeira e Papel;Madeira;
RANI;Materiais Básicos;Madeira e Papel;Papel e Celulose;
KLBN;Materiais Básicos;Madeira e Papel;Papel e Celulose;
MSPA;Materiais Básicos;Madeira e Papel;Papel e Celulose;
NEMO;Materiais Básicos;Madeira e Papel;Papel e Celulose;
SUZB;Materiais Básicos;Madeira e Papel;Papel e Celulose;
MTIG;Materiais Básicos;Embalagens;Embalagens;
SNSY;Materiais Básicos;Materiais Diversos;Materiais Diversos;
ETER;Bens Industriais;Construção e Engenharia;Produtos para Construção;
HAGA;Bens Industriais;Construção e Engenharia;Produtos para Construção;
PTBL;Bens Industriais;Construção e Engenharia;Produtos para Construção;
AZEV;Bens Industriais;Construção e Engenharia;Construção Pesada;
SOND;Bens Industriais;Construção e Engenharia;Engenharia Consultiva;
TCNO;Bens Industriais;Construção e Engenharia;Engenharia Consultiva;
MILS;Bens Industriais;Construção e Engenharia;Serviços Diversos;
EMBR;Bens Industriais;Material de Transporte;Material Aeronáutico e de Defesa;
FRAS;Bens Industriais;Material de Transporte;Material Rodoviário;
POMO;Bens Industriais;Material de Transporte;Material Rodoviário;
RAPT;Bens Industriais;Material de Transporte;Material Rodoviário;
RCSL;Bens Industriais;Material de Transporte;Material Rodoviário;
RSUL;Bens Industriais;Material de Transporte;Material Rodoviário;
TUPY;Bens Industriais;Material de Transporte;Material Rodoviário;
MWET;Bens Industriais;Material de Transporte;Material Rodoviário;
SHUL;Bens Industriais;Máquinas e Equipamentos;Motores, Compressores e Outros;
WEGE;Bens Industriais;Máquinas e Equipamentos;Motores, Compressores e Outros;
EALT;Bens Industriais;Máquinas e Equipamentos;Máq. e Equip. Industriais;
AERI;Bens Industriais;Máquinas e Equipamentos;Máq. e Equip. Industriais;
BDLL;Bens Industriais;Máquinas e Equipamentos;Máq. e Equip. Industriais;
ROMI;Bens Industriais;Máquinas e Equipamentos;Máq. e Equip. Industriais;
INEP;Bens Industriais;Máquinas e Equipamentos;Máq. e Equip. Industriais;
KEPL;Bens Industriais;Máquinas e Equipamentos;Máq. e Equip. Industriais;
FRIO;Bens Industriais;Máquinas e Equipamentos;Máq. e Equip. Industriais;
NORD;Bens Industriais;Máquinas e Equipamentos;Máq. e Equip. Industriais;
PTCA;Bens Industriais;Máquinas e Equipamentos;Máq. e Equip. Industriais;
MTSA;Bens Industriais;Máquinas e Equipamentos;Máq. e Equip. Construção e Agrícolas;
STTR;Bens Industriais;Máquinas e Equipamentos;Máq. e Equip. Construção e Agrícolas;
TASA;Bens Industriais;Máquinas e Equipamentos;Armas e Munições;
AZUL;Bens Industriais;Transporte;Transporte Aéreo;
GOLL;Bens Industriais;Transporte;Transporte Aéreo;
FRRN;Bens Industriais;Transporte;Transporte Ferroviário;
GASC;Bens Industriais;Transporte;Transporte Ferroviário;
RLOG;Bens Industriais;Transporte;Transporte Ferroviário;
VSPT;Bens Industriais;Transporte;Transporte Ferroviário;
MRSA;Bens Industriais;Transporte;Transporte Ferroviário;
RAIL;Bens Industriais;Transporte;Transporte Ferroviário;
HBSA;Bens Industriais;Transporte;Transporte Hidroviário;
LOGN;Bens Industriais;Transporte;Transporte Hidroviário;
LUXM;Bens Industriais;Transporte;Transporte Hidroviário;
JSLG;Bens Industriais;Transporte;Transporte Rodoviário;
TGMA;Bens Industriais;Transporte;Transporte Rodoviário;
ANHB;Bens Industriais;Transporte;Exploração de Rodovias;
CCRO;Bens Industriais;Transporte;Exploração de Rodovias;
RPTA;Bens Industriais;Transporte;Exploração de Rodovias;
CRTE;Bens Industriais;Transporte;Exploração de Rodovias;
ERDV;Bens Industriais;Transporte;Exploração de Rodovias;
ASCP;Bens Industriais;Transporte;Exploração de Rodovias;
ECOR;Bens Industriais;Transporte;Exploração de Rodovias;
ECOV;Bens Industriais;Transporte;Exploração de Rodovias;
COLN;Bens Industriais;Transporte;Exploração de Rodovias;
RDVT;Bens Industriais;Transporte;Exploração de Rodovias;
CRBD;Bens Industriais;Transporte;Exploração de Rodovias;
TRIA;Bens Industriais;Transporte;Exploração de Rodovias;
TPIS;Bens Industriais;Transporte;Exploração de Rodovias;
VOES;Bens Industriais;Transporte;Exploração de Rodovias;
AGRU;Bens Industriais;Transporte;Serviços de Apoio e Armazenagem;
PSVM;Bens Industriais;Transporte;Serviços de Apoio e Armazenagem;
IVPR;Bens Industriais;Transporte;Serviços de Apoio e Armazenagem;
SAIP;Bens Industriais;Transporte;Serviços de Apoio e Armazenagem;
STBP;Bens Industriais;Transporte;Serviços de Apoio e Armazenagem;
WSON;Bens Industriais;Transporte;Serviços de Apoio e Armazenagem;
ATMP;Bens Industriais;Serviços Diversos;Serviços Diversos;
BBML;Bens Industriais;Serviços Diversos;Serviços Diversos;
DTCY;Bens Industriais;Serviços Diversos;Serviços Diversos;
ALPK;Bens Industriais;Serviços Diversos;Serviços Diversos;
FLEX;Bens Industriais;Serviços Diversos;Serviços Diversos;
GGPS;Bens Industriais;Serviços Diversos;Serviços Diversos;
PRNR;Bens Industriais;Serviços Diversos;Serviços Diversos;
SEQL;Bens Industriais;Serviços Diversos;Serviços Diversos;
VLID;Bens Industriais;Serviços Diversos;Serviços Diversos;
BTTL;Bens Industriais;Comércio;Material de Transporte;
MMAQ;Bens Industriais;Comércio;Material de Transporte;
WLMM;Bens Industriais;Comércio;Material de Transporte;
APTI;Consumo não Cíclico;Agropecuária;Agricultura;
SOJA;Consumo não Cíclico;Agropecuária;Agricultura;
AGRO;Consumo não Cíclico;Agropecuária;Agricultura;
FRTA;Consumo não Cíclico;Agropecuária;Agricultura;
SLCE;Consumo não Cíclico;Agropecuária;Agricultura;
TESA;Consumo não Cíclico;Agropecuária;Agricultura;
BSEV;Consumo não Cíclico;Alimentos Processados;Açucar e Alcool;
JALL;Consumo não Cíclico;Alimentos Processados;Açucar e Alcool;
RESA;Consumo não Cíclico;Alimentos Processados;Açucar e Alcool;
SMTO;Consumo não Cíclico;Alimentos Processados;Açucar e Alcool;
BRFS;Consumo não Cíclico;Alimentos Processados;Carnes e Derivados;
BAUH;Consumo não Cíclico;Alimentos Processados;Carnes e Derivados;
JBSS;Consumo não Cíclico;Alimentos Processados;Carnes e Derivados;
MRFG;Consumo não Cíclico;Alimentos Processados;Carnes e Derivados;
BEEF;Consumo não Cíclico;Alimentos Processados;Carnes e Derivados;
MNPR;Consumo não Cíclico;Alimentos Processados;Carnes e Derivados;
CAML;Consumo não Cíclico;Alimentos Processados;Alimentos Diversos;
JMCD;Consumo não Cíclico;Alimentos Processados;Alimentos Diversos;
JOPA;Consumo não Cíclico;Alimentos Processados;Alimentos Diversos;
MDIA;Consumo não Cíclico;Alimentos Processados;Alimentos Diversos;
ODER;Consumo não Cíclico;Alimentos Processados;Alimentos Diversos;
ABEV;Consumo não Cíclico;Bebidas;Cervejas e Refrigerantes;
NTCO;Consumo não Cíclico;Produtos de Uso Pessoal e de Limpeza;Produtos de Uso Pessoal;
BOBR;Consumo não Cíclico;Produtos de Uso Pessoal e de Limpeza;Produtos de Limpeza;
ASAI;Consumo não Cíclico;Comércio e Distribuição;Alimentos;
CRFB;Consumo não Cíclico;Comércio e Distribuição;Alimentos;
GMAT;Consumo não Cíclico;Comércio e Distribuição;Alimentos;
PCAR;Consumo não Cíclico;Comércio e Distribuição;Alimentos;
AVLL;Consumo Cíclico;Construção Civil;Incorporações;
CALI;Consumo Cíclico;Construção Civil;Incorporações;
CRDE;Consumo Cíclico;Construção Civil;Incorporações;
CURY;Consumo Cíclico;Construção Civil;Incorporações;
CYRE;Consumo Cíclico;Construção Civil;Incorporações;
DIRR;Consumo Cíclico;Construção Civil;Incorporações;
EVEN;Consumo Cíclico;Construção Civil;Incorporações;
EZTC;Consumo Cíclico;Construção Civil;Incorporações;
GFSA;Consumo Cíclico;Construção Civil;Incorporações;
HBOR;Consumo Cíclico;Construção Civil;Incorporações;
INNT;Consumo Cíclico;Construção Civil;Incorporações;
JHSF;Consumo Cíclico;Construção Civil;Incorporações;
JFEN;Consumo Cíclico;Construção Civil;Incorporações;
LAVV;Consumo Cíclico;Construção Civil;Incorporações;
MELK;Consumo Cíclico;Construção Civil;Incorporações;
MTRE;Consumo Cíclico;Construção Civil;Incorporações;
MDNE;Consumo Cíclico;Construção Civil;Incorporações;
MRVE;Consumo Cíclico;Construção Civil;Incorporações;
PDGR;Consumo Cíclico;Construção Civil;Incorporações;
PLPL;Consumo Cíclico;Construção Civil;Incorporações;
RDNI;Consumo Cíclico;Construção Civil;Incorporações;
RSID;Consumo Cíclico;Construção Civil;Incorporações;
TCSA;Consumo Cíclico;Construção Civil;Incorporações;
TEND;Consumo Cíclico;Construção Civil;Incorporações;
TRIS;Consumo Cíclico;Construção Civil;Incorporações;
VIVR;Consumo Cíclico;Construção Civil;Incorporações;
CEDO;Consumo Cíclico;Tecidos, Vestuário e Calçados;Fios e Tecidos;
CTNM;Consumo Cíclico;Tecidos, Vestuário e Calçados;Fios e Tecidos;
DOHL;Consumo Cíclico;Tecidos, Vestuário e Calçados;Fios e Tecidos;
ECPR;Consumo Cíclico;Tecidos, Vestuário e Calçados;Fios e Tecidos;
CATA;Consumo Cíclico;Tecidos, Vestuário e Calçados;Fios e Tecidos;
CTKA;Consumo Cíclico;Tecidos, Vestuário e Calçados;Fios e Tecidos;
PTNT;Consumo Cíclico;Tecidos, Vestuário e Calçados;Fios e Tecidos;
CTSA;Consumo Cíclico;Tecidos, Vestuário e Calçados;Fios e Tecidos;
SGPS;Consumo Cíclico;Tecidos, Vestuário e Calçados;Fios e Tecidos;
TEKA;Consumo Cíclico;Tecidos, Vestuário e Calçados;Fios e Tecidos;
TXRX;Consumo Cíclico;Tecidos, Vestuário e Calçados;Fios e Tecidos;
HGTX;Consumo Cíclico;Tecidos, Vestuário e Calçados;Vestuário;
TFCO;Consumo Cíclico;Tecidos, Vestuário e Calçados;Vestuário;
ALPA;Consumo Cíclico;Tecidos, Vestuário e Calçados;Calçados;
CAMB;Consumo Cíclico;Tecidos, Vestuário e Calçados;Calçados;
GRND;Consumo Cíclico;Tecidos, Vestuário e Calçados;Calçados;
VULC;Consumo Cíclico;Tecidos, Vestuário e Calçados;Calçados;
MNDL;Consumo Cíclico;Tecidos, Vestuário e Calçados;Acessórios;
TECN;Consumo Cíclico;Tecidos, Vestuário e Calçados;Acessórios;
VIVA;Consumo Cíclico;Tecidos, Vestuário e Calçados;Acessórios;
WHRL;Consumo Cíclico;Utilidades Domésticas;Eletrodomésticos;
UCAS;Consumo Cíclico;Utilidades Domésticas;Móveis;
HETA;Consumo Cíclico;Utilidades Domésticas;Utensílios Domésticos;
MYPK;Consumo Cíclico;Automóveis e Motocicletas;Automóveis e Motocicletas;
LEVE;Consumo Cíclico;Automóveis e Motocicletas;Automóveis e Motocicletas;
PLAS;Consumo Cíclico;Automóveis e Motocicletas;Automóveis e Motocicletas;
HOOT;Consumo Cíclico;Hoteis e Restaurantes;Hotelaria;
BKBR;Consumo Cíclico;Hoteis e Restaurantes;Restaurante e Similares;
MEAL;Consumo Cíclico;Hoteis e Restaurantes;Restaurante e Similares;
BMKS;Consumo Cíclico;Viagens e Lazer;Bicicletas;
ESTR;Consumo Cíclico;Viagens e Lazer;Brinquedos e Jogos;
AHEB;Consumo Cíclico;Viagens e Lazer;Produção de Eventos e Shows;
SHOW;Consumo Cíclico;Viagens e Lazer;Produção de Eventos e Shows;
CVCB;Consumo Cíclico;Viagens e Lazer;Viagens e Turismo;
SMFT;Consumo Cíclico;Viagens e Lazer;Atividades Esportivas;
ANIM;Consumo Cíclico;Diversos;Serviços Educacionais;
BAHI;Consumo Cíclico;Diversos;Serviços Educacionais;
COGN;Consumo Cíclico;Diversos;Serviços Educacionais;
CSED;Consumo Cíclico;Diversos;Serviços Educacionais;
SEER;Consumo Cíclico;Diversos;Serviços Educacionais;
YDUQ;Consumo Cíclico;Diversos;Serviços Educacionais;
RENT;Consumo Cíclico;Diversos;Aluguel de carros;
LCAM;Consumo Cíclico;Diversos;Aluguel de carros;
MSRO;Consumo Cíclico;Diversos;Aluguel de carros;
MOVI;Consumo Cíclico;Diversos;Aluguel de carros;
UNID;Consumo Cíclico;Diversos;Aluguel de carros;
VAMO;Consumo Cíclico;Diversos;Aluguel de carros;
SMLS;Consumo Cíclico;Diversos;Programas de Fidelização;
ARZZ;Consumo Cíclico;Comércio;Tecidos, Vestuário e Calçados;
CEAB;Consumo Cíclico;Comércio;Tecidos, Vestuário e Calçados;
CGRA;Consumo Cíclico;Comércio;Tecidos, Vestuário e Calçados;
SOMA;Consumo Cíclico;Comércio;Tecidos, Vestuário e Calçados;
GUAR;Consumo Cíclico;Comércio;Tecidos, Vestuário e Calçados;
LLIS;Consumo Cíclico;Comércio;Tecidos, Vestuário e Calçados;
AMAR;Consumo Cíclico;Comércio;Tecidos, Vestuário e Calçados;
LREN;Consumo Cíclico;Comércio;Tecidos, Vestuário e Calçados;
ALLD;Consumo Cíclico;Comércio;Eletrodomésticos;
MGLU;Consumo Cíclico;Comércio;Eletrodomésticos;
VVAR;Consumo Cíclico;Comércio;Eletrodomésticos;
BTOW;Consumo Cíclico;Comércio;Produtos Diversos;
CNTO;Consumo Cíclico;Comércio;Produtos Diversos;
ESPA;Consumo Cíclico;Comércio;Produtos Diversos;
LAME;Consumo Cíclico;Comércio;Produtos Diversos;
PETZ;Consumo Cíclico;Comércio;Produtos Diversos;
LJQQ;Consumo Cíclico;Comércio;Produtos Diversos;
SLED;Consumo Cíclico;Comércio;Produtos Diversos;
BIOM;Saúde;Medicamentos e Outros Produtos;Medicamentos e Outros Produtos;
NRTQ;Saúde;Medicamentos e Outros Produtos;Medicamentos e Outros Produtos;
OFSA;Saúde;Medicamentos e Outros Produtos;Medicamentos e Outros Produtos;
AALR;Saúde;Serviços Médico - Hospitalares, Análises e Diagnósticos;Serviços Médico - Hospitalares, Análises e Diagnósticos;
DASA;Saúde;Serviços Médico - Hospitalares, Análises e Diagnósticos;Serviços Médico - Hospitalares, Análises e Diagnósticos;
FLRY;Saúde;Serviços Médico - Hospitalares, Análises e Diagnósticos;Serviços Médico - Hospitalares, Análises e Diagnósticos;
HAPV;Saúde;Serviços Médico - Hospitalares, Análises e Diagnósticos;Serviços Médico - Hospitalares, Análises e Diagnósticos;
PARD;Saúde;Serviços Médico - Hospitalares, Análises e Diagnósticos;Serviços Médico - Hospitalares, Análises e Diagnósticos;
GNDI;Saúde;Serviços Médico - Hospitalares, Análises e Diagnósticos;Serviços Médico - Hospitalares, Análises e Diagnósticos;
MATD;Saúde;Serviços Médico - Hospitalares, Análises e Diagnósticos;Serviços Médico - Hospitalares, Análises e Diagnósticos;
ODPV;Saúde;Serviços Médico - Hospitalares, Análises e Diagnósticos;Serviços Médico - Hospitalares, Análises e Diagnósticos;
QUAL;Saúde;Serviços Médico - Hospitalares, Análises e Diagnósticos;Serviços Médico - Hospitalares, Análises e Diagnósticos;
RDOR;Saúde;Serviços Médico - Hospitalares, Análises e Diagnósticos;Serviços Médico - Hospitalares, Análises e Diagnósticos;
BALM;Saúde;Equipamentos;Equipamentos;
LMED;Saúde;Equipamentos;Equipamentos;
BLAU;Saúde;Comércio e Distribuição;Medicamentos e Outros Produtos;
PNVL;Saúde;Comércio e Distribuição;Medicamentos e Outros Produtos;
DMVF;Saúde;Comércio e Distribuição;Medicamentos e Outros Produtos;
HYPE;Saúde;Comércio e Distribuição;Medicamentos e Outros Produtos;
PGMN;Saúde;Comércio e Distribuição;Medicamentos e Outros Produtos;
PFRM;Saúde;Comércio e Distribuição;Medicamentos e Outros Produtos;
RADL;Saúde;Comércio e Distribuição;Medicamentos e Outros Produtos;
INTB;Tecnologia da Informação;Computadores e Equipamentos;Computadores e Equipamentos;
POSI;Tecnologia da Informação;Computadores e Equipamentos;Computadores e Equipamentos;
BMOB;Tecnologia da Informação;Programas e Serviços;Programas e Serviços;
BRQB;Tecnologia da Informação;Programas e Serviços;Programas e Serviços;
ENJU;Tecnologia da Informação;Programas e Serviços;Programas e Serviços;
IFCM;Tecnologia da Informação;Programas e Serviços;Programas e Serviços;
LINX;Tecnologia da Informação;Programas e Serviços;Programas e Serviços;
LWSA;Tecnologia da Informação;Programas e Serviços;Programas e Serviços;
CASH;Tecnologia da Informação;Programas e Serviços;Programas e Serviços;
MBLY;Tecnologia da Informação;Programas e Serviços;Programas e Serviços;
MOSI;Tecnologia da Informação;Programas e Serviços;Programas e Serviços;
NGRD;Tecnologia da Informação;Programas e Serviços;Programas e Serviços;
QUSW;Tecnologia da Informação;Programas e Serviços;Programas e Serviços;
SQIA;Tecnologia da Informação;Programas e Serviços;Programas e Serviços;
TOTS;Tecnologia da Informação;Programas e Serviços;Programas e Serviços;
WEST;Tecnologia da Informação;Programas e Serviços;Programas e Serviços;
ALGT;Comunicações;Telecomunicações;Telecomunicações;
OIBR;Comunicações;Telecomunicações;Telecomunicações;
TELB;Comunicações;Telecomunicações;Telecomunicações;
VIVT;Comunicações;Telecomunicações;Telecomunicações;
TIMS;Comunicações;Telecomunicações;Telecomunicações;
CNSY;Comunicações;Mídia;Produção e Difusão de Filmes e Programas;
ELMD;Comunicações;Mídia;Publicidade e Propaganda;
AESB;Utilidade Pública;Energia Elétrica;Energia Elétrica;
AESL;Utilidade Pública;Energia Elétrica;Energia Elétrica;
AFLT;Utilidade Pública;Energia Elétrica;Energia Elétrica;
ALUP;Utilidade Pública;Energia Elétrica;Energia Elétrica;
CBEE;Utilidade Pública;Energia Elétrica;Energia Elétrica;
CPTE;Utilidade Pública;Energia Elétrica;Energia Elétrica;
CEBR;Utilidade Pública;Energia Elétrica;Energia Elétrica;
CEED;Utilidade Pública;Energia Elétrica;Energia Elétrica;
EEEL;Utilidade Pública;Energia Elétrica;Energia Elétrica;
CLSC;Utilidade Pública;Energia Elétrica;Energia Elétrica;
GPAR;Utilidade Pública;Energia Elétrica;Energia Elétrica;
CEPE;Utilidade Pública;Energia Elétrica;Energia Elétrica;
CMIG;Utilidade Pública;Energia Elétrica;Energia Elétrica;
CMGD;Utilidade Pública;Energia Elétrica;Energia Elétrica;
CMGT;Utilidade Pública;Energia Elétrica;Energia Elétrica;
CESP;Utilidade Pública;Energia Elétrica;Energia Elétrica;
CEEB;Utilidade Pública;Energia Elétrica;Energia Elétrica;
COCE;Utilidade Pública;Energia Elétrica;Energia Elétrica;
CPLE;Utilidade Pública;Energia Elétrica;Energia Elétrica;
CSRN;Utilidade Pública;Energia Elétrica;Energia Elétrica;
CPFE;Utilidade Pública;Energia Elétrica;Energia Elétrica;
CPFG;Utilidade Pública;Energia Elétrica;Energia Elétrica;
CPFP;Utilidade Pública;Energia Elétrica;Energia Elétrica;
CPRE;Utilidade Pública;Energia Elétrica;Energia Elétrica;
EBEN;Utilidade Pública;Energia Elétrica;Energia Elétrica;
EKTR;Utilidade Pública;Energia Elétrica;Energia Elétrica;
ELET;Utilidade Pública;Energia Elétrica;Energia Elétrica;
LIPR;Utilidade Pública;Energia Elétrica;Energia Elétrica;
EMAE;Utilidade Pública;Energia Elétrica;Energia Elétrica;
ENBR;Utilidade Pública;Energia Elétrica;Energia Elétrica;
ENGI;Utilidade Pública;Energia Elétrica;Energia Elétrica;
ENMT;Utilidade Pública;Energia Elétrica;Energia Elétrica;
ENER;Utilidade Pública;Energia Elétrica;Energia Elétrica;
ENEV;Utilidade Pública;Energia Elétrica;Energia Elétrica;
EGIE;Utilidade Pública;Energia Elétrica;Energia Elétrica;
EQPA;Utilidade Pública;Energia Elétrica;Energia Elétrica;
EQMA;Utilidade Pública;Energia Elétrica;Energia Elétrica;
EQTL;Utilidade Pública;Energia Elétrica;Energia Elétrica;
ESCE;Utilidade Pública;Energia Elétrica;Energia Elétrica;
FGEN;Utilidade Pública;Energia Elétrica;Energia Elétrica;
POWE;Utilidade Pública;Energia Elétrica;Energia Elétrica;
GEPA;Utilidade Pública;Energia Elétrica;Energia Elétrica;
ITPB;Utilidade Pública;Energia Elétrica;Energia Elétrica;
LIGH;Utilidade Pública;Energia Elétrica;Energia Elétrica;
LIGT;Utilidade Pública;Energia Elétrica;Energia Elétrica;
NEOE;Utilidade Pública;Energia Elétrica;Energia Elétrica;
OMGE;Utilidade Pública;Energia Elétrica;Energia Elétrica;
PALF;Utilidade Pública;Energia Elétrica;Energia Elétrica;
PRMN;Utilidade Pública;Energia Elétrica;Energia Elétrica;
REDE;Utilidade Pública;Energia Elétrica;Energia Elétrica;
RNEW;Utilidade Pública;Energia Elétrica;Energia Elétrica;
STKF;Utilidade Pública;Energia Elétrica;Energia Elétrica;
STEN;Utilidade Pública;Energia Elétrica;Energia Elétrica;
TAEE;Utilidade Pública;Energia Elétrica;Energia Elétrica;
TMPE;Utilidade Pública;Energia Elétrica;Energia Elétrica;
TEPE;Utilidade Pública;Energia Elétrica;Energia Elétrica;
TRPL;Utilidade Pública;Energia Elétrica;Energia Elétrica;
UPKP;Utilidade Pública;Energia Elétrica;Energia Elétrica;
AMBP;Utilidade Pública;Água e Saneamento;Água e Saneamento;
CASN;Utilidade Pública;Água e Saneamento;Água e Saneamento;
CSMG;Utilidade Pública;Água e Saneamento;Água e Saneamento;
IGSN;Utilidade Pública;Água e Saneamento;Água e Saneamento;
ORVR;Utilidade Pública;Água e Saneamento;Água e Saneamento;
SBSP;Utilidade Pública;Água e Saneamento;Água e Saneamento;
SAPR;Utilidade Pública;Água e Saneamento;Água e Saneamento;
SNST;Utilidade Pública;Água e Saneamento;Água e Saneamento;
CEGR;Utilidade Pública;Gás;Gás;
CGAS;Utilidade Pública;Gás;Gás;
ABCB;Financeiro;Intermediários Financeiros;Bancos;
RPAD;Financeiro;Intermediários Financeiros;Bancos;
BRIV;Financeiro;Intermediários Financeiros;Bancos;
BAZA;Financeiro;Intermediários Financeiros;Bancos;
BMGB;Financeiro;Intermediários Financeiros;Bancos;
BIDI;Financeiro;Intermediários Financeiros;Bancos;
BPAN;Financeiro;Intermediários Financeiros;Bancos;
BGIP;Financeiro;Intermediários Financeiros;Bancos;
BEES;Financeiro;Intermediários Financeiros;Bancos;
BPAR;Financeiro;Intermediários Financeiros;Bancos;
BRSR;Financeiro;Intermediários Financeiros;Bancos;
BBDC;Financeiro;Intermediários Financeiros;Bancos;
BBAS;Financeiro;Intermediários Financeiros;Bancos;
BSLI;Financeiro;Intermediários Financeiros;Bancos;
BPAC;Financeiro;Intermediários Financeiros;Bancos;
ITSA;Financeiro;Intermediários Financeiros;Bancos;
ITUB;Financeiro;Intermediários Financeiros;Bancos;
BMEB;Financeiro;Intermediários Financeiros;Bancos;
BMIN;Financeiro;Intermediários Financeiros;Bancos;
MODL;Financeiro;Intermediários Financeiros;Bancos;
BNBR;Financeiro;Intermediários Financeiros;Bancos;
PRBC;Financeiro;Intermediários Financeiros;Bancos;
PINE;Financeiro;Intermediários Financeiros;Bancos;
SANB;Financeiro;Intermediários Financeiros;Bancos;
CRIV;Financeiro;Intermediários Financeiros;Soc. Crédito e Financiamento;
FNCN;Financeiro;Intermediários Financeiros;Soc. Crédito e Financiamento;
MERC;Financeiro;Intermediários Financeiros;Soc. Crédito e Financiamento;
BDLS;Financeiro;Intermediários Financeiros;Soc. Arrendamento Mercantil;
DBEN;Financeiro;Intermediários Financeiros;Soc. Arrendamento Mercantil;
BZRS;Financeiro;Securitizadoras de Recebíveis;Securitizadoras de Recebíveis;
BSCS;Financeiro;Securitizadoras de Recebíveis;Securitizadoras de Recebíveis;
WTVR;Financeiro;Securitizadoras de Recebíveis;Securitizadoras de Recebíveis;
CBSC;Financeiro;Securitizadoras de Recebíveis;Securitizadoras de Recebíveis;
ECOA;Financeiro;Securitizadoras de Recebíveis;Securitizadoras de Recebíveis;
GAFL;Financeiro;Securitizadoras de Recebíveis;Securitizadoras de Recebíveis;
GAIA;Financeiro;Securitizadoras de Recebíveis;Securitizadoras de Recebíveis;
OCTS;Financeiro;Securitizadoras de Recebíveis;Securitizadoras de Recebíveis;
PDGS;Financeiro;Securitizadoras de Recebíveis;Securitizadoras de Recebíveis;
PLSC;Financeiro;Securitizadoras de Recebíveis;Securitizadoras de Recebíveis;
RBRA;Financeiro;Securitizadoras de Recebíveis;Securitizadoras de Recebíveis;
APCS;Financeiro;Securitizadoras de Recebíveis;Securitizadoras de Recebíveis;
VERT;Financeiro;Securitizadoras de Recebíveis;Securitizadoras de Recebíveis;
WTPI;Financeiro;Securitizadoras de Recebíveis;Securitizadoras de Recebíveis;
BNDP;Financeiro;Serviços Financeiros Diversos;Gestão de Recursos e Investimentos;
BFRE;Financeiro;Serviços Financeiros Diversos;Gestão de Recursos e Investimentos;
GPIV;Financeiro;Serviços Financeiros Diversos;Gestão de Recursos e Investimentos;
PDTC;Financeiro;Serviços Financeiros Diversos;Gestão de Recursos e Investimentos;
PPLA;Financeiro;Serviços Financeiros Diversos;Gestão de Recursos e Investimentos;
B3SA;Financeiro;Serviços Financeiros Diversos;Serviços Financeiros Diversos;
BOAS;Financeiro;Serviços Financeiros Diversos;Serviços Financeiros Diversos;
CIEL;Financeiro;Serviços Financeiros Diversos;Serviços Financeiros Diversos;
CARD;Financeiro;Serviços Financeiros Diversos;Serviços Financeiros Diversos;
BRGE;Financeiro;Previdência e Seguros;Seguradoras;
BBSE;Financeiro;Previdência e Seguros;Seguradoras;
CXSE;Financeiro;Previdência e Seguros;Seguradoras;
IRBR;Financeiro;Previdência e Seguros;Seguradoras;
PSSA;Financeiro;Previdência e Seguros;Seguradoras;
CSAB;Financeiro;Previdência e Seguros;Seguradoras;
SULA;Financeiro;Previdência e Seguros;Seguradoras;
APER;Financeiro;Previdência e Seguros;Corretoras de Seguros;
WIZS;Financeiro;Previdência e Seguros;Corretoras de Seguros;
ALSO;Financeiro;Exploração de Imóveis;Exploração de Imóveis;
BRML;Financeiro;Exploração de Imóveis;Exploração de Imóveis;
BRPR;Financeiro;Exploração de Imóveis;Exploração de Imóveis;
CORR;Financeiro;Exploração de Imóveis;Exploração de Imóveis;
CCPR;Financeiro;Exploração de Imóveis;Exploração de Imóveis;
GSHP;Financeiro;Exploração de Imóveis;Exploração de Imóveis;
HBTS;Financeiro;Exploração de Imóveis;Exploração de Imóveis;
HBRE;Financeiro;Exploração de Imóveis;Exploração de Imóveis;
IGBR;Financeiro;Exploração de Imóveis;Exploração de Imóveis;
IGTA;Financeiro;Exploração de Imóveis;Exploração de Imóveis;
JPSA;Financeiro;Exploração de Imóveis;Exploração de Imóveis;
LOGG;Financeiro;Exploração de Imóveis;Exploração de Imóveis;
MNZC;Financeiro;Exploração de Imóveis;Exploração de Imóveis;
MULT;Financeiro;Exploração de Imóveis;Exploração de Imóveis;
SCAR;Financeiro;Exploração de Imóveis;Exploração de Imóveis;
BBRK;Financeiro;Exploração de Imóveis;Intermediação Imobiliária;
LPSB;Financeiro;Exploração de Imóveis;Intermediação Imobiliária;
MOAR;Financeiro;Holdings Diversificadas;Holdings Diversificadas;
PEAB;Financeiro;Holdings Diversificadas;Holdings Diversificadas;
SIMH;Financeiro;Holdings Diversificadas;Holdings Diversificadas;
CTBA;Financeiro;Outros Títulos;Outros Títulos;
MCRJ;Financeiro;Outros Títulos;Outros Títulos;
PMSP;Financeiro;Outros Títulos;Outros Títulos;
QVQP;Outros;Outros;Outros;
ALEF;Outros;Outros;Outros;
ATOM;Outros;Outros;Outros;
BETP;Outros;Outros;Outros;
CABI;Outros;Outros;Outros;
CACO;Outros;Outros;Outros;
MAPT;Outros;Outros;Outros;
CMSA;Outros;Outros;Outros;
OPGM;Outros;Outros;Outros;
FIGE;Outros;Outros;Outros;
JBDU;Outros;Outros;Outros;
MGIP;Outros;Outros;Outros;
OPHE;Outros;Outros;Outros;
PPAR;Outros;Outros;Outros;
PRPT;Outros;Outros;Outros;
OPSE;Outros;Outros;Outros;
OPTS;Outros;Outros;Outros;
